작성자ID,날짜,ID,작성자,제목,내용,첨부파일,상태,등급,포인트,평가점수,부서
240002,2026-02-03,20260203164234,김철수,제조 현장 TPM 시스템 을 구축,"<p>제조 현장 TPM 시스템 을 구축제조 현장 TPM 시스템 을 구축제조 현장 TPM 시스템 을 구축제조 현장 TPM 시스템 을 구축제조 현장 TPM 시스템 을 구축제조 현장 TPM 시스템 을 구축제조 현장 TPM 시스템 을 구축제조 현장 TPM 시스템 을 구축제조 현장 TPM 시스템 을 구축제조 현장 TPM 시스템 을 구축제조 현장 TPM 시스템 을 구축제조 현장 TPM 시스템 을 구축</p><p><img src=""data:image/png;base64,iVBORw0KGgoAAAANSUhEUgAAARIAAABVCAIAAAAKf/wUAAAQAElEQVR4AeydB3zOxxvAK4lsIXtIgliRCLFpbKqovVW1/FO1KW1Qtam9txKzqBmjtGrVDmpGIvZISJCISCKb/zc5rr+875shQlt9+3l6nnvuuefunrvnnufu9/5+0SlftbwWtBrQauC1NKDzgfY/rQa0GnhNDWjN5jUVpmXXauCDD7Rmo10FWg28tga0ZvPaKtNW+I9pQMNwtWajQSlaklYDWWtAazZZ60dbqtWABg1ozUaDUrQkrQay1oDWbLLWzz+u1MjQyM7K1t7G4f0GxshI/3Haf9Uhrdm80sS/5N+CpmZ3Q0KDr1x+v4ExMtK/YU5y1qTWbHKmp38MVz4d3fiEZ/+Y7rytjjBGRvq2pL+xXK3ZvLEKtQL+exp4i2ZjZ2s3dsTY1s1bC61aWliWdSurESgSPBpT5IwcOrJOrToqpYaGBq6lXaVAN1c3swJm8NAi7VILHMmSAaRk8ZK6urrQlTxkJVhZWrVp0bp4seKSAkL2k8bNTE1MwSUgYejgocqsbFQSM0PoG8xIUDIwnNIlS4shCHrP//VUNiGI2lSjBuQcoTRAI48gsmYmjpmovpxEaQ7TvDGbxg0bd+nYRULLZi1ZZLo6Opzq9PX1RVdqe9Xu5d1LwIDeAwCBk1IkeFjTCJk1Zdb8GfOn/zCtedPmUJBjYGCgnz+/4JGpna1988bNWXxA+9bt+vXsV61KVUr19fVpl1rgSEa+gD49+nzZ7Us7G1voSh6yEuxs7Wp51XYpVkxSQMjWqFq9oFmaTdavUx8bBqpVqe7o4AgCeH/xZWYCO7btOGb4aIQA2O3UCVNJ6Rs9pApECSVcSvb6spcYgiDCYGRoKHBtqtRA8WLFO7Xr1OXVkitX1sOlWDExRygNUDL379VfTgF0PV09IyMj9eVEUc4hb8xG2Z6DnYNXdS+xyJR0v51+/b7pByxcujA+If5pzNPZC2aRBSgSnO1bt69auerO3TuHjBxy4PDBhvU+avlJC1Gknt6+c3vanGnjp4xfvtr39Nkzcc+e3bt/X4UNycgX4Ldza3Jysrm5BQvX2NhYhVNmUWvr5m2wWwlk878y2gsBF/x2+v2697cLAef/PPvnH0f+ILv/j32yujqiq6dHi4C1lY1OvnzqDEpKvnyZzggWSJdsrK2V/O8Sn/lNk18XdAV8unm9m3bFkFGdSnMYCRtiqRIlXYq6AFaWudSJiticZzOdpJyLgPO3fb+t3bBWQPTT6JiYmHthqisYNsCznOenHT69dfvWkydPunbu6uToDFGCa6nSZ8+fPXDowLNnz3bv2X3z1g3X0mVkqQrS7bNuLKO50+b26tG7ccOPY2Njun/W3Xehb6MGjSRn6+at4REgVn+92vVwPlUrpfklyaZEUlJT/HZuFZYmUrLYm+CJfBxZumSpLz79HFdjaGjYukVr3H1IaAilBITjRo5nbwNXQiGzQnQDqFurtt4r84Ohbq26eFTX0q7gAGPHRbsUzeDooAsobO/g4e6xfde2h48eCUpmKYv7LS3rwTN+bdJ3zeWbEZk1nef0DVs2XLl2hSlTl5yYlLjJbzObJsCCUWcQFFRqZWVVoIBZsUwUK9heN9VgNoXtCw/7ZhjrjxT8tSTSSycnpzt376jXwm+MHznhq+5f3b57++yFc8f8jz2MeDT82+/GjRzXpFETwZ+UnCzDEsIz/fz6cXFxokg9XfnTSpb1kJE+YWH3457Frd3wk88IH+8+3r/v/10y46+joqMW+y4G8HLLVi4jpRZeQvKoILo6unVq1iX0kkBWT++vEJHle+KUP45uyfIl237ZXtS5WOmSpRGCRY0aP3Le4nngSoh8HMHUAkxzUlKSLDp15tSy1b6379yCUsTZuaJnJdxX6VKuHzf8GIoK1PywFmMJuhykQn/vs8FXL7sUc1F3ODkceM0aNU2MTVJTUxvV/2szzWHdLNh01Mu6ftq1ZPGS0EnBQXIOdWvXMzI0+vPcn+pVQu7dO3L80LBRw1i75cuWQxELliwYOnLo6TOn790PFfxnzp1xL1P2676DOB0N7jfIwcHhyPGjokg9Zal17/q/KeOn2tra/bj8x+s3b6jzKCkFTAtUrliZmBi3oKQr8fAH4YePH7l85fLN2zclkD1x6nj006eC89bt25UqVGzXqm3tmnXq1aob9eTx3ZC7okhjamJsKqLw6lWrsxdIHjxq8JXghITEWh/WGtjn6yfRT9ZvWn/85PEWTVv0/rKX8m6AKmVKu+LTlD4cl0K8JKDjxx7wCEoZF6v6VVwEHc8DPQso4WS5cWoHwew7upVVobTYVSMxMyE0ray45oe29aoUQwLEif0/QvKor+qCb5v9qaRThSxF0EWLCIcIRQADgSKAnYKt097OTmSzSC3MLYb7fO/u5i55sJkmHzc5d+Hcz5s34NU5gnLvIkvfBNFgNliLlKjEJTEzpHix4nW8agcEBgQFq26K5cp6MPHWVjac8llDVpaWAAhZ1oeHezkYELtn3x62cJBy7uVwIAuWzD97/gxZjcAeX6hgoR27dmzauolDHnYoIOpJFAePmNhYaj2KeGRkYNihbQdipIb1GjoVdmSxJiYmUqQOHPd7f9m7TClXwmUVoD+D+g2CgVo/bfhps99mezuHyhUq/XnuzMx5M2LjYnEjHNhSnz+HQQmXrwSdDzgvKPHx8bgpLFNkRcpEVqlU5fyF83MXzeG8t2nrpqUrlz6NiWH4gkGmDx89lDhLsFxJu/6TdxM1ARv2BFA0beUxcIKoA6dvggCEVdAzAxb3xP4NTgfdgxPwHrst4skz1vF3/6sliF2/30Ld4d6qd5gQs4UCJvqG+nord5yvUd7pd/8bN0OiKrs7UAt62wZlvp2xh86DN6iWdmlJT5rVLjV15VG6ATAQOAWwU6SkJFuYW4psFunjqMcTp/0QGBQoeJp81JjjwPmL53/e/DOraM36n0oWL9nyk1ai9A1TDWZz7cY1KVSJS6JGhENLT++ejyIf+e3w08igJF69fg1QUiR+KegSVwWENAuXLsragfy+f+/6Tetq1/zrgo5DC4CFlPfwLGCadl9M1Dt01LA169b47fQDdv/+KyMqWqTojVs3t/+yLTIqUrYLEhH5SHoYED0uB/R0QSTAABse362MOxaL969YvoLPwCGEc1jso4gIeQSCTcDFSwFr0099fxw+GBEZYaCv71XDy7SAGTEqFgUP3mbmvJmr168GIQsw01ShFbZJ/1MnoRS2dzA2NgFRQgETg0puaQtRSXwtvHUD15i4pBXbzilrsY4LmOj77Q+GiBX9tPuCtYUxy5rsa0FicurOw2lC7j+M2X/yr0AA+qJNp6+HRAKhD2Kc7dPuJ5FskF9X2BX46wJbT758qnctvx/YO/i7QSvWrECTCDx7/sywUUM3bNkA/uagwWxYZKwtRJOCg2QNuIsvunzBZXlYeNjiZYufxrwMZpS1WD0sFLzN5SvBrAl1gIEHL5926IIL+qLLF8N9hrMWRw0bxWU0HkkpSomzc6MXzi1K4Myg5OHGGe9MbIY5SWjVrGXzpi0tM+5h9AF3FxsXS0oPIyIjARAJMAjJ+//YhxEqIfR+qLOjk6GBgWBQpg72DoxlyOChlSpUMjQ0ci/jzlV4Rc+K3J1INu4VGOn8GfOV8Fnnz6pXrQYPO+6zZxnOeAdP31r/a0C3Fp5ENcpQB+acg72lWXRsIrahUiUmLulJTLwK8a1mMSFsycuzCMMhaMyJlRoaGqJG1LV47uKJYyaZmRVS6SHWwk7EDY3y9hkernxw+0nJyeC5Bg1mcy/s3uQZkzlbk4JnK9rcvJC9nf26jetmzZ/1VJPNCAmmJqacRiwtzEVWPSV2ev48FXpKSgqXCoGXL23ftX367GncR0PMDLp1+aLvV31xMhIqeVZSiZdSUpIPHf0DDyaBLER1mTy34faclKKwB+EAiDpwMSqbE0gWV3MfVvcihhw/efzEaRN9Vy0jHTluhE4+3SqV0kxCCD905NCgoYP6fZN2QS9TGW8IHhtrG4GIlMCMeAZg6U8Z2Mgq/VgiinKYhkVq2OCoi7cpVMAIBLCxMMUPgLxtYCNo9fU6hkN8OLF/A2k5eFruYx5njAtOnj41b9G8qbOnoqteA3oNHjY4Ojoqhz3kPDl8zHAUnkN+jWwazEYjXxbEO3fvYmBHjh/JgkcW4ZrKumX4rQBOBiIMN27dIAyVW/vWHX4XAi6w0VKUNXAthvqUMHrCaBxR1rUyK+XRCl6RTorfSoIAspOilpGhIeNVttj7695DRgzR2Nu42BhjY2POb6IuqYd7WWNjI+jgOQS8tKWFhUZmldVP1rWItboViTP3zG9eXloi6s/A+y5O5tDBJZwJSntyQPwGBSGNqhdnHV8PyRDNUqQEYWYwcygqYKLB3yqZs8XvhmUwZrcybiYmJmHh4cqK7M5BwUE8uFMSM8PlczPmUQLWCD/bn4ovgpgTyAOzyUkz8OAcU1NS6tWuL7Znmfbo3qOCZwUYcgfxCQncROGslUDAQ9gjBHJMT32eyllQyUAWIkWCR6Z0ErxtyzayewJR6WS2jSJEAkH2/j/2f/JxE8IJ+kBKrIipQ5c82SJHjx9h0/2ofkPByV0T8YyAKm6FJy0/ImMtcVbhRovSmQojERWVKRv8nLUnOjfxgBMQwd71kMjh8/YjEwpCcGXigM72T/gEUd7U0Qek4fQ4oswb1hTms8FhMXGar1vgzAIwXSQLoD8EbHRD8LuWKnPz1s1LQZdENrP05q1bXLfI207JxlWNeUFzMYnKtFmT5vDgwNmPQF4X3qLZsPWyActDGM7x2+99lDu0wAlOsvaYyBkxbsTeA5qfxE+ZOUXIUaZKmbgdnI+yVOAQKVLRVw47mW2jSrEE2cSZjJ1wgqZJwaFAV7Kp4zwCGjNxrKCjBK4osXbxKwGWMvGMgA5DNspFBjP24z12myhS3qSxviEqKTBjOSI0ooha1IWINGRCASS/kggdoA8wA/CQBRZsOMnlGzJhFgiNCrHwwC/p1AIEEQQ2qgugP0iACOANuC89ePggeNZAqLLrt19i42JRGvDBK24uZtG5OkDH4eDAAy+/vHl7VSNH/75Fs8lR+1qmHGuADYjpf5jdrwRyLO9fwCiGnK2ryd1I2InYlXInXGs2udO5ttZ/WgNas/lPT7928LnTgNZscqe3v63Wi+epRoZpP4H523rwThpmjIz0nTSVm0a0ZpMbrf2NdaJjnzo7ObqWLvPOgEvbyhUqV6lY5V1C2TJu+vr6OfzMyLv/XofWbP5GE8hN0zzJDY94EPbw/juD5OSkwMtBp8+efqdw7s+AwEvi0Vm26bv/XofWbHKzdv9TdfLp6Mb/sz/6Qffo5LucFK3ZvEtta9t6TzTwnpuNnW2Gz4DketJyImfo4KE9/9cz101oK+atBopn/N5Al1cfHmiZ/qGLnLTFpI/U9O0X6r4/ZuNg7zDsm2GL5y5eOGuhz0AfV5ri2wAAEABJREFUsgxPVyfDZ0CKFilKEbpQAYgUwQ+w+ucrfok8dsRY1KeUY2Vp1a51ezkNIGQhGhkacopFghbepgbeSHZmH7oQQl1Lu05UfNSGSTcwMNDP/9eLvYKNNA/MprC9w9QJU30X+gro36s/ct8QlDJVBJJlWXO9o2zC1MTU+3Nv/fz64yaNmzRjsqmpSfeu3SEqecDDH4Tt/G2n8gf/4EdPHLO1sZHMrP4r167wPF6Axt/gIEqChblFrQ9rYlqSooLQYUBJHDN8dMe2HQGhMZmKcQk6qbIKOEIEA8qZMGqC/H0aRUoQwgUFXAoXAqkrJ0tIg1MjETrVARAJHT9++QO2belva0Kf+cbf5SjhZLkm/Z1QpL0J0FVASihYsFCxosVUXje0tLSSDOqIXo4/apMHZkPzSUlJP29e793He9b8WS7FXDKbUThzAsziwL5fnzl3BoGA8idGWEvp9Bf3VeQUdyle0Mxs+67t98Puh4Te/eW33RaFzKUDkcwJCYnBV4IvBV1SwuOoyBcvJEv2SERkxGa/TfKX2sFXL8fHJ6i/jJmtoA1bNjA6gA6fv3geBEOlY1SMj4/3cPdAD+ACMhu4KJUpbMbGJoGXA0GwCuiIBUaNH+nk6Ojp4YliQ0JDoAB7D+61t7OjFXUiFZlEPb38S1csBRfA+m7boMzKHeeb9F0jfzk2+J1/l0N0Rj2lq3SYbosiSwtzE2OT5at95dsiIMNGDR2SyQ/VRa0cpnljNrKxqKjHycnJFumvf4mZE7sdO6XgAREUuTGoU2p+WIupZVWJKsq0Xau2t+/eSk7R8I7Riw/y6ev/9av1589fPH+u+opyubIeg/sPlhGaeA2OA4nhm32OLCUlOSkxN7/8VQ5NiT+JfkLWrYwbqYB6tevdD7//LD6bz9jChuqwPRSFzxyj+CXo9DkzHkU8TEpKws6FzO2/bBc/kNVI9Kru9eDhg3uKLxA52ZklJqeeSX+zQEj4R6V0lQ7TbdGrpORkExOT774dzvahBOXXggSnTAsVLJRfL7++vqGkZIbksdkw08zB0fR3b9zLuB85foRdDUeEi2AbIE5wcnRi54MoZlRJoYuYEGmZ0q6ElJxSMDAGjPlBBGAmvRBwgVQFbty88SQ6qlnjpm6ubgBIZFQk60aFjSyavXn75sXAi347/bbu2Lpk+RJ8VPTTaAyeUgG4KWla036YPmvKLHe3sqJIpgyHSImtumBBczY58Q6Cu5s7HW7d/OWHSCXz6yLYYUBggFwBaAAfzhizlkNnbG1ssQr4CxYsBKLCLxZWy09awSCLNBJhUJfwWq+sqYdzVoWMfUe3AkBoXTCQggNuLjYEfr8u6CoZIPp084IiQHBSFwYABAaIlJKCAwyZuUAPQGRkpO8qX+VrvwJfuXaVTj4d8YoXVZRARKerp1u6ZClJ1NfX79SuM0uR6ZZEkLwxGyGdVU4bzDczgWjcBQASdDlIbJ+PoyLz589vbv7ydSvGVqlCJYIxwX/5SrClhQVEwgwba9vxk8ZhXSx9Nk6E0O/qVatv3pb2UQiyKhAbF7vEd8mjyMhe3r16evcKfxC+bOWy1NS0d0WVnBdfvdkfEhpas4ZXWHgYMRt7jI6OTsIrd+F/6uTZ82cxravXr+7as3vFmuUcbwIzf9/D2NAo6sljWqShwKBAAi0MElwJnuU8UY4Ela/DKTklTqDFwmXUUNiAoqOfQAHPAvDS2JtwIPh8lVe7REUiXvayQf0GYd7YRhZEpQSxfLu18CxgYjBvWFNWKkcaUVdjWq9KsXYN3aamf1Jj/a8BvdtXIcCLePJs0vIjBUz0u7eqQFbEexv2pH08xCC/bp1KRb6dsafr92nzCwNiMYYqboX7p39mhMiwcxMPxGYhhCoMmaXIAqtR3YvNKzPgMq1E+reZqCKhiLMzVwL+p/xZgdWqvPyMHj6ATb/XgF5Cq5I5b8xGSGeVA/gK4TRoXpw+x40cb2WVdhSjbbqlMmeNGjQS6wkEg7G2Snv1V9oS+werp07N2nVq1t29Z9elzJcvR475i+cN8Bkw0GfAomWLycpBqiOWFuaOhV+++o/Z4G0iH798gVF8KnHn7p0Yg3sZtyqVqjRv2ry4S4ljJ46Jj2aoSFu9fvWUmVNUiCpZcXRBOQJCQrP6QJSoy0hv3rrpWqoMavRw9zjmf0zQs0jRPFuPYGB7ss/kI0kbtqSdqTCefr36CbOkigqRukiALmBa+jdxWLsxcYliHXOkEUUa08ruDqcCQ8VrM/tP3oiJS6rk5gDn9ZDIRZtOlytp979WFUMfxAibgZ6YnAqdUqwi+M4j1yLWJZ0tGlUvLl8shVN++wY2mNWFIEcCh8/MNBYV/eTH5T+ezfhFJJxP+9btU5+n7ti94/bdO21atOX+WkpTR/LGbJRymTnhNDhosvpZKERlEREvP+Uop+fzTz/HQpT2BifHtfMB51U+N4Hwsm4e9nb2uDIMjJRBKqccBgFEcRgq60xkSYmd4hPiaQU8MyBOU1n3FT0rce9cy6s2XiglJcXQ0OiTxp9Uq1IN60JI44ZpH7xmQRc0K/hltx6Ec0Rr3337HUV5CwcPHySmbdakufQhWcgv61aWTUd4JEwO70QPs+BnIvCNKjySyLaNt8mietZF9pZm8ltt3JI52BSQ/NjSxWvhJZzMF248JYlKRPlStBJX8mQrBOYLAWmfHcbzK+H6zeuF7QsbZvxSCregg/sPsrO13+y3OSoqatXaVU9jnvbo/pVFJm+hIzzvzYY9L/LxYxwl29Xj9C8ncOBhR6cxCdApTUlN4aTxUf1Ghe3TtiJZiuHV+rAW6wAK8T0rYMGPCzAqAThNRjV/8Xx8FwxZQ/iD8NETRqM42LgP4BmLAJaLsbFxw/ofiaxIYYAN8Kr+4f3798f8MAYNcmPmu2rZvMXz9fT0xEczYuNi4Xkc9dj/tH/w1WACuZ82/DRr/kyIeQusfnaQqpWropBsJcvLAMF5zP+Yu5u7cPtQ0PC3A7/BaZOSBaBgkyDoWZ0InQmyt8v+o35wagT5rTau3QDchWAj9MKZXLr+8Lv/1RLnE0GXqbN92vd0op4mQAEnBeAsaPrXfU9mQugwW2RU1GOqlHUv6/2Fdy/vl1/rF0htr9q6uqprnkVy5PjROQvnYmlUZHVNnjF58oxJjx+nyYGiDqoi1DlyQiGgxAngCgD4CaCZcuIxQWz68SfiCghvAAPQtlU7EXHBycogioMIwEB19jyONMRyUMiKywOQnACPqBwdHVkKSuCIr1KXRY8nxJOo0EU2Ojra2tq6QvmKIqurq1veo7yBgcHDhw+gHD1xFFsSQFfPnj/DAYmrbYryHFj9HMDEFYtSuFLhnFKwB9v0ywDJw57CzlK6ZGl0CIz8bhRr4tDRw4mJSWQBdB4SGoL+mSmNxOjoJ+JGVMrMOXLyUqiXZxGOIipVxJHmd/8bwtV0b1VBnaGKW2Gqi2gNnCrwKL/eBoVzkUYh7IZ4ZnFU5jFlXFzcpOkTOW1K6J3Jl1L2/7E/RBE5p6amitM4TWuEPDAbeklwJVwBqVzlLCmywKChg2BgIiVFecaCHx4BMIheMp2CQqmgyBQ5CGSyJUUi7DQGBoZdO30uthaZCmu8+Oo+QKx49RQGIWqj34aLly581qnLojmLFsxcsGDWgnq16vy+f+/hY4cFw2uljAVQVmFQcqTQySoZKIICHWCwI8aNQMPgDBk1kpIFEfohZU0QYLBcYIZNApwUwQBIhdMQWQHgghlEUEjBBRGL5UyFUxJZjSkrOLPvcnATMKRbTS4PAHjgBCb2byCONFgF655Azqdb2h8v4EpgSLeacHLfsGX/ZeGapq08xtkGCnTuAzjPcKrJQghdZe+g26KrScnJJiYaLqC5F5WfZxGcuUjzwGxy0epbqkIwxkJRB5WjS7at4zp++nnt10O+7j2wd9/BfVlz337vs+u3X7KuyFqXay5rzjwvJTDOSSD3Wu1ihJhij+49ZC1Wc4eMn/tgHUMhBpPAWhf8MEsiPHACIPIuQTDAL+iSGbqQQEqpoMunq4JZXQjMdJUO021w4NCRQ2yv6osBIkUwZAtsT+xZUqCS/70yG+XA/lM4FouPyvMhIxbIc7FvSSBdBd6ScBWxWrNRUYg2q9VA9hrQmk32OtJyaDWgogGt2agoRJtV1cCLt/LRD9VW3iRvZGhMJ99EwuvW1ZrN62rsP8f/7j/64fqaHxhxdnKkk+9yYrRm8y61/a9sKz4h/h1/9ON1vy5C9+jku1RunpkNzwQrelbq0rHLkK99gM7tP3Vz/et373JI7Vq39/7iS5lt3bz10MFDZVYjYmdrN3bEWDg1lr4DYk46kBMe14wvD2rsec//9QQ0FmkkwqyiQJVWVLJCiKWFZb9e/evXqS+ypOpyIAI8DFE+OJY4k2tWwAyGzCAzgYLf1MS0xSctkAYbIIgqqaGhAZ1XPqqGU2WwORkIy/LrvoOkHGSynEhVmnutbN6YDRoc9s2wLh0/NTQ04rYbMCtQgHt0n4E+KEjZIXtbO6fChSWFp91GinddkNPLu+ecaXOnjJ9S68Nago0H/0aGRnCKrDJFjzwjVwfokg0rHTl0pDpgwJJHIhh/y09azpg0gz507fwZWYpUOqAikKwKD/P03bffqbRIc8qXB1FLy2Ytu7x6wR2kZo2ayGGYAIgKsFxUhgkFHpiN0hUoFhCNdm7XycLC4qN6H4GjfysLKyMjIx6ZwyzB0MDA2dHJ2spaUqQcSRGI/Clx25Zt+/bs271rd/YvgM7LHxE3atBozrQ5PBpePHcxy0C8jq4iEDOjP9N/mPZJ42ZILmhmVrVSVXs7O9gAKCqAumZOmuXd1XtQv8HUKu9RHgY4xWDBBeRkIJYW5kWcnVG4qJI2C4ZGpCKL/SBfRbdkIVIkeNTTvDGbalWqWllarV632nfVMvH0fcnyJes2rre3t+dJM622b92OrgDubu4O9oVBAOXihgfo+mnXYkVd1m746cy5M21atmnUoBEbkqOjIwuXUnWgFfXnWVeuXUG/kvnevdCbir9fK3A9PV0MWPJIpEmjpnVr1927f+/WHVvKly3fqV0nWSQRzD70fiiPVgEQsrJIINHRT27dvkVDtMJGAAKEh4eJUo2pp4dneY9yGosEkSe2jHSx7+LExIRV61aDQxFFIn0S/WTP3t94Jstzz4sBF65dv/br3t92/rYzJjZGMJBiWqO/G43mh/t8b17IvG6tuuAAZkCpRtjst2n8lPHA+Ytpf4E0JSVl9fpVZCdNn3Q2/UfEFcpVYJoOHfmDR8Mjxo7Ir5dfXWlWllbsC/Tk1JnTDerWr1yxisa2JBGGGlWqrdu41meEz+BhgwKDL7dp0Vque8HG4qHnyoGoLHRWzoyJ0+Fp3bwNdcWfXsPPmJqaCgkixX6ev3iBYlGpEnjAHXwlWPCop3ljNiH3Qp8/f16nZp2Sr15jYHepV7tuYmLS3YoVvn4AABAASURBVJA7tLrJb7PoE0/cv+r/lcBZ9BRJKF2ydDHnovsO7j3156kt27fcv38fy+nl3evzzl+YmRWUbEpEYwhhYKCv5BEvAqzdsFYJEZEvXxNQcuJbKnlWvHgpgCqHjhzyP+1fpnQZlpqSR+DPnj27lP5mNYigKNMbr/6+Fa3EPYsV7R49cVTJExsXu/2X7aLot72/JSYl3g/Lyq5E3SLORU1MTYs4OZHF27Am2IbAgdTU1KTkRDZpp8KO0U+fmhYw7dSuo7GRCXRKsV6mBtMaO2ksyu87uG+Pfj16f90bHMD+4ckMSrgUJ8hpWK/hzt07wx+Eg7dq1gqBgr948RJJSUmHjqb97CgiMuLshXNsoMwLpWJ/xCY93Mvp6upt37V949aN8FQsr/pTNJiVUMC0QHJKKjELRPr/8NHD/Pn1VZb7L7/uZK1jw0+fRp86cwp82Wrf23duUUUAE/TN8G8ZXZ9BfRgsKfjoCaNjY9N+iSt4cp3mjdlgl7MXzEFNg/sPZi6BAX0GFDQrOGPudDF4+oc2iRnw48D4UeOxK4hKIGZIff78bkgIRJR1N/QuOzRDnTjth6gnmv/EXJuWbWXYwPQIMDI0DnsQjpAswFLTb8LtbGzz588feu/lyzDXblw30Dewt7PPQk62RSwXtrqs2VyKFSfYuHHretZsrFSs+sGDcIJAoo4NWzawVq7fuCZruRQtoaOjuy3dGtesWxMfn+BSzIVSNtQGdRt+1vkzNEyW6tMmTGMWFs1eRNyFWIgawdbGZsKoCYRJqakpU2dP271n99xFc/fs3VO1ctUpE6Z0aNOBWnGxMXp6ehavXj20srRMTk7Cbim6H3av3zf9sEkba+uEhGd4YIi379yxtbFNiyB0dclqhIDAiwj5vPPntWvWadeqbf069dLcdcY5ZV1hGKGhoawZNi9wFmFCQoZX09kH6eTCWQsZ7OypszlNaWwuF8S8MRsaDgm9i2r+OPIHmgICgwIZOVsLRQI6t+9sbGyMH/96yMBHjx51bNtBrCcnR2ffhb5jho82MjJMTU2Ne5bN6/JCmkxv37lNzKAChBaSQSJDBw/FrmT2aUyGP3YH3dS0AMsXRACdefHBC4HnImV0VlZWZmZmzk7OWVRnauvUrBXxODLwcpBgE6+CdmzbUWRFyqbzZbcvjY1N1m36GafRr+cAp8JOrBX8uWAgPXPuz5B7dwf2GTh1wtSJYybi6I77H4Oekprit3MrGy2+AnvDC10MvNB3UN/pc6Y7OzozL/BoBOzt580/L1q26ODhgwXNzAh7cL/Epes2rluwZAGtY3LH/I9HP43u9WUvznjDfYZXrlD5mP+x2PR3KzTKTE1NcXJ0+rzzFwUziSCoxbKZs3AOM1vHq3apkqWJmVesWQFdHSwtLY0MjZwcHdWLoGBv1apUW71+NTHOnn17CEoJ/6AbGxkP6jeIzZ0RkdXJl8/aygZcCRxsuJOgVCPkgdkwwax7AAMgzAUBPMt5kgUBYKAH1tbWwVeD0QhbwolT/sZGJmI9YW/efbzHTBz78NEjTq7SD6BWE2NTYuKG9T8yMMj0qwhsb/CoQEtNn5AzMjQUZx5LC0t9fYOEhAQVjTD9ySkppiYv36lClSg0OVnD5z5UKmrMVqxQydDA8MmTqAZ1G2AbGnkgNv6oiZ2t/e/796amvnyFm1MECtmwZQOlAmxtbJhmc3PzpSt+vHI1eO6iOQGXLpbzIPLJsGGzEbCal65cqq+vf/DwgV9//7V6lWoOGd9lwiNxUDx15k+au3HrxoWAi/aZv1Qj7wPYbgCOE5916goiACVzK0Cjk2dM3uy3OSEh/sbNGzglxiK6LdPU58919fRMTdIOFUzr1etXiCAeR2l+m4UNglDz44YfY+04mQcPH1asUHHk0BHcsqirsUL5iklJiTbWtrhQ2ZxEUGxMzFP/U/5Qjhw7EvcsTtynPYt/Nmv+LDZ3LB8Lp4maNbwYFJELAAI0b9yc6lTUCHlgNkww0yxgyIghdGjG3BmDhg4SFFIYEhISk5OSzQsVEp1wsLNLTknm6CyyIkXpDAx7I8umWNyl+D3FZ1MgqsO5C+euXk+LUoyMjKpWrkaqzqNOYWKwz8fpr9ApS8MfhN8Pu1+ubDmzAmbMkId72cioqOs3ryt5cojT/6aNmt68dXP7rp1FnIu0adlGY0Wmp3HDj0/+eVIcrzXyQGReOYKPHDeShY7N16lZN/V5akREhIe7x47d21euXQUPO6U4Affo1kMnn075cp4tmrbA8ilSwoOH4c9ffGBrYwuRMTrY27FuwDUCTlu6cbb/qOiooMuBE6dPFES6JLqNBZ44dYITWkJiQm2vWmxhtb1qE9GJjiEZv6GfX5/DFYp1dHQMvXcPYmZgoK+PI3Up6lLY3oFTkLOjY/CVy347t/24/EcaUtbCVDzcynIQDQkNadG0mcoGAWd8QoK+vgHTDW5vZ08foqNVo336Nm3ONDEicEDgEMGpqBHywGyEXO46uIXkooZgtFP7ThPHTJw1ZZYymjx8/HAZV/fxI8cTjzVq8PGloMB7Ga2C+eNkWdGzIicfzp1sY8tX+67dsHbfgb2JiaqeQTR69NUbY+wo8JDCD3DaRprgUU+5auOeZO+BfepFrEIDA4NRw0bSz2JFi+HZVaZKVMHd4+IBEEFRpp7lPPv06BsXF7t+03oW1u/799StWbfvV304A0g2J0dnQpqP6n+07+C+TVs3SXpmCMNhlSNk7Pdjq1Ssgigba5tPO3w6uP+3rDBqXQq6xAl4+tzpHHh+XPHjxi0b/Xb6ES89ePhg2y/bAgIvwQMEBQdxHOI2edSwUYyxsIPjgUN/QM8MaJSL+HnT500eN9mikEXVylXBmdyKnpVkFXhwRONGjPNw86BjeBV8Rf/e/V2Kpp2sYDt34WzovdDPu3yOx8ivp38ky9eWWBWz5s9k7eK4uHyLiIzcusPvQsCFyFcfe0AgLTb5qHH3z7rdunv7wKGDq9auIkzgDFal0stPZ8ADnPA/xv7y3TfDRg4d2eerPqyok6c1v4kN82tB3pgN53uvGjV/3fPrAJ8BhFujxo/CA6Iddh3ux0SHuJsaN2nsn+f+vHjp4tTZU9ZtXCvoyvTAoQPcq547f5ZZx/UzTmWpEmduCBLY2ARUr1qdQI5UZEkpJXDnoR4qE2BpYYVPF7hIKWXzVoq9c/fuuMlj9+zfw/bJYeBs+h2rkgGcAco7KBCyEJXAufzKtatsz6L/BC0cD46eOMbtrWRzsLeLiYmZNGMy90uSmDVSo2qN4i4l2EomTJ3AQpm3eB6+/XJwoFf1tDe9RF2O/ngwJbCddWzT0cP9rw9WLVm+ZInvYvaOLMYopJHW9qpT3sNz7ca14iaKae3/bf8bt262bNaCKYABYIqJ1jZs3Sg6hvzvx35P+Ffb6+WTN7aepSt/3L1n1+kzp2YobomomztITU0lsmDHWbxsMTh6Rizn6oePMlwFYYE/TJ2ApyJkWLP+J/UVVa6sB0tFAgE/ILMgMGjsYd6YTVJS4osXL9j/DA1fvvANwjJ98fxFQmK8bJgNAz/A5sHqlEQVhDAJBmYUdagUKbP4BDZsl6IuAuxt7SMiHpGKLCmlHOhDQu8SHwvwP+0fEHhR4CKlNDExw90LTRBP4oh27t7JZJDNBWBsLG5ldVwB+6VS1MnTp1j3dEBJzBrnMPDi+XMufNGt4GSMxB5EtiJLynMz9mklbPLbzO02RUoICg4ics7JGJOSEvT09JhKNnghwbyQuXmhDM8D4p7FfvDiRZlSrsRggoeOFXV2fhrz1yMjoVVmNiLy5cdYBGeuU0Sx48hFgnyeWamvK+hHTxwVbl8yy0atLK1ZKhJSOE6lpMosCAySWYnkjdlcv3lj49aNRDUzJs5cMHPBwlkLecRrZ2vHLqU+EmXzucaxwPmL5ynXhwpOaUhoCFZKzJYZUErwk+s+vOOKrPXN27bweHH21DlCyUO+9uE8tnrd6rfXEy7Kdu/Z5VX9Q2Iz0eiY4WPyfaCzbKWvVB1TvOKnFWyaU8ZP4ap3ydwl2XaMG2quhW7e+usxywea/gu5dy/bZwma6uWURnSjsmxUsjBolJU3ZoNonlHyKI3naAAOHaAHXApRlAWw56kHOSr8uFqiEThV6O8sm5MO5IQHn8NNCa4si57jgoDMGHDCw8cM5zpVKJl4KdsvwuWkUZqj0cwmgiCTRplQ0ShxGsflkJcfrKBqGmDSTDchK33rOaBnth3D5HAO3HDQLpAmQtP/OE+uJWQJnJl1Muc8KITlRCqr5ALJM7PJRdvaKloN/Es1oDWbf+nEabv9d2pAazZ/p/a1bf9LNaA1m3/pxGm7/XdqIG/MxsrSql3Gv8vHnTcAkaJcj8+1tOvYEWNJpQSeSEDhjk5SeNA29NWLbjQHwA8PqeQRCE/oeIoqfl4hKFmnSskaOWlCY0Mamd8HonYMrzSQN2bzSlqGfy3MM/3rfKxIHrGrwI/zfuyY/vtFnqO1TH+Fq2aNmoUKmpNigVCg6+vrGxka6eroYI1YCHQHe3sri7TXOcg6OzrZ29rp6erBQ5qhNx98YG9nX7J4CWenIir0+nXqqz/3hCe9rZe/hUO4eEIqUp+BPpgfTWhsiLpaeL818BbNJgvFLVm+hHtMFbgf9vKnSvJRpr3iISZP0KCry7x6/dr5gPPqdBWKZznPWh/Wioh81LRRU7eMb2tbW1ljb4YZv0KvUt3e1i4+4ZnfTj8BO3/bGf4g+9djVIRos++NBvLGbIiaalStbmRkpNQLT7WPHD/K8zglMSe4eJS5Z/8eHR0dWxtbUvCgy4F9evSpUP7l58x52Pz7vj3WVjbVKlerUbVGEecip8+cTE5Oxgm0b90ORyEa4rl19arVhwwa0qNbj8DLlybNmHTlWnDfr/oO7DOwauWq8nG7YM46TUxM4rJfgPqrHVnX1Za+ZxrIG7PJTCl6uroFM3+tQlkLwzM0NE59/lwQOTZ0aN0+6EoQD9qu37zesU2HJ0+i2OlZ9IKBtFHDjy0szEeMGzFwyMCkpMRmjZtBjI2NCbkXKn9G4VjYsUmjJpGPH0+eOWXN+jUJCYkr1qyYNX9mcnJS44aNHR00v6eBnByCTvqrGvT2tSwwh8K1bP9YDeSN2eBSTpzyj49P+/lZqRIlgdcdMNalp6sTGRkpKjoVdkxKTj5x0v9pzNNDRw8nJiXZ2xcWRTLV09VNSEhISk77UdmzVy+3RURG+p/yF2bDWahkiZJXr11NSIiv7VWLg5CAalWqRz99yiNqd7ey8EiBuUD09Q1wbl9+7l20SLFcVP8nV9H2LQsN5IHZWFpY4iuCr1y+EHABiImNAUAAQhoiNxhkDwrbO0ydMNV3oa8KEEeZm1t81qkLpfBcvX5VT0+vaaMmZd3KkoIXKmjWy7tXVcUvww8fO6yroztj4sy50+Y6FnY6eDirH8DLDuQtkpCYsHDpwm+TBBuRAAAC8klEQVS/9yFsy1vJWmn/ZA3kgdmU9yjPvbAEI0NjQGZBYJAqEL/d8u7jLUD8abRZ82eJLOmQEUPguXP3ru8qX2Njk07tOpGCr92wjiuEP478ZRv3w+6PnzJ+gM+A2Qtmz5g7Iyg46NyFc9iboaFRSGhIbFwssP2X7XgqQOXXnPCEhYdRCo/sGwgWTm+5N1N5c4MiJejq6mKoOjr5lEQt/t/RQB6YzYFDB3bt2Z2SmqKuNYKoNT+vgUG9KFvKlWtX8FrUnb1gFnhm/HY2tj2692hYryEMR08cLVWiVLPGTectnnf7zm0oAJdgHm7uIjyTqWvJ0lygUSoAaxk3cvzS+UvHjxzf7bNuBJk4SVEkU3c3d27MF8xcANui2YsG9O5vaZH2d3wlgxb572ggD8wGZUW/+jKYeI9FpGEPwuzs7N7k8OBUuLBycdPQvoP7lq5YGv7wAbiA4i4laIIbZDyAlaUVD2cKFizklvGK2dS0gEvRl2/mCMQw/ZN8QsKGLWl/ORlHJz4LNGjooInTJh4+ekiUihQ77DWgF+6ub/qnkr7q/xVe8VHEI1FKSmBJeCmeO5HVwvutgbwxG47XP2/+WSUQkkfzN9GgsbExxxsJWEX+/PlNjE2EzLq16rZu0frM+bM21rZdOnTBmXA3gJ/5/NMvxDdKBBsUwjklRD7Om5elhPx/f6odwetpIG/MRmObhG3xCfGkGktzQoxPSKjkWYmbACUQklXwrED1Is7OPME8ePig76pl6zf/XNa9rIWFxZqfV89fMj/wckD92nV5aANbUlJS6ZKlia+UYGVpDZ3SvALOY/gfHFdeCdTK+Sdr4C2aDZdLoyeMJs1i/HsP7CMo4sJNI8+UmVOIi1QA/kNH0iIorg1wIDt27aDu2fNnWLU0B5Hb5zXrf5o6exqX1xRp/EUCMnkKRGkWQGCW9UtRdJtGSbMQoi16LzXwFs3mvdSXdlBaDaABrdmgBC1oNfB6GtCazevp633g1o7hjTXwfwAAAP//k8Ma6wAAAAZJREFUAwCNQtjVZRc1agAAAABJRU5ErkJggg==""></p>",,채택,S,20,100,품질관리팀
240015,2026-02-03,202602030000,이영희,[생산3팀] 작업복 세탁 주기 변경 요청,<p>작업복 세탁 주기 변경 요청에 대한 상세 제안 내용입니다. 현장 개선을 위해 필요합니다.</p>,,미채택,,0,0,생산3팀
240050,2025-12-09,202512090001,박민수,[생산2팀] 출하 대기 구역 라인 마킹,<p>출하 대기 구역 라인 마킹에 대한 상세 제안 내용입니다. 현장 개선을 위해 필요합니다.</p>,,심사대기,,0,0,생산2팀
240010,2025-12-15,202512150002,박민수,[생산1팀] 지게차 충전 구역 안전 펜스 설치,<p>지게차 충전 구역 안전 펜스 설치에 대한 상세 제안 내용입니다. 현장 개선을 위해 필요합니다.</p>,,채택,브론즈,5,67,생산1팀
240097,2026-01-12,202601120003,이영희,[생산2팀] 출하 대기 구역 라인 마킹,<p>출하 대기 구역 라인 마킹에 대한 상세 제안 내용입니다. 현장 개선을 위해 필요합니다.</p>,,미채택,,0,0,생산2팀
240040,2026-01-26,202601260004,박민수,[연구소] 작업복 세탁 주기 변경 요청,<p>작업복 세탁 주기 변경 요청에 대한 상세 제안 내용입니다. 현장 개선을 위해 필요합니다.</p>,,심사대기,,0,0,연구소
240086,2025-12-12,202512120005,박민수,[생산1팀] 냉각수 펌프 소음 저감 대책,<p>냉각수 펌프 소음 저감 대책에 대한 상세 제안 내용입니다. 현장 개선을 위해 필요합니다.</p>,,접수,,0,0,생산1팀
240066,2025-12-12,202512120006,정지원,[생산2팀] 포장박스 적재 방식 변경 제안,<p>포장박스 적재 방식 변경 제안에 대한 상세 제안 내용입니다. 현장 개선을 위해 필요합니다.</p>,,심사대기,,0,0,생산2팀
240018,2026-01-12,202601120007,박민수,[품질관리팀] 공구실 정리정돈 및 식별표 부착,<p>공구실 정리정돈 및 식별표 부착에 대한 상세 제안 내용입니다. 현장 개선을 위해 필요합니다.</p>,,채택,실버,10,84,품질관리팀
240020,2026-01-31,202601310008,김철수,[생산2팀] 공구실 정리정돈 및 식별표 부착,<p>공구실 정리정돈 및 식별표 부착에 대한 상세 제안 내용입니다. 현장 개선을 위해 필요합니다.</p>,,심사대기,,0,0,생산2팀
240054,2026-01-16,202601160009,박민수,[연구소] 출하 대기 구역 라인 마킹,<p>출하 대기 구역 라인 마킹에 대한 상세 제안 내용입니다. 현장 개선을 위해 필요합니다.</p>,,미채택,,0,0,연구소
240097,2026-01-23,202601230010,강지영,[생산1팀] 포장박스 적재 방식 변경 제안,<p>포장박스 적재 방식 변경 제안에 대한 상세 제안 내용입니다. 현장 개선을 위해 필요합니다.</p>,,접수,,0,0,생산1팀
240022,2025-12-06,202512060011,김철수,[공무팀] 출하 대기 구역 라인 마킹,<p>출하 대기 구역 라인 마킹에 대한 상세 제안 내용입니다. 현장 개선을 위해 필요합니다.</p>,,심사대기,,0,0,공무팀
240035,2026-01-10,202601100012,김철수,[생산2팀] 출하 대기 구역 라인 마킹,<p>출하 대기 구역 라인 마킹에 대한 상세 제안 내용입니다. 현장 개선을 위해 필요합니다.</p>,,미채택,,0,0,생산2팀
240069,2025-12-26,202512260013,이영희,[공무팀] 식당 메뉴 개선 제안,<p>식당 메뉴 개선 제안에 대한 상세 제안 내용입니다. 현장 개선을 위해 필요합니다.</p>,,심사대기,,0,0,공무팀
240089,2026-02-02,202602020014,박민수,[생산2팀] 식당 메뉴 개선 제안,<p>식당 메뉴 개선 제안에 대한 상세 제안 내용입니다. 현장 개선을 위해 필요합니다.</p>,,심사대기,,0,0,생산2팀
240044,2025-12-21,202512210015,박민수,[생산2팀] 냉각수 펌프 소음 저감 대책,<p>냉각수 펌프 소음 저감 대책에 대한 상세 제안 내용입니다. 현장 개선을 위해 필요합니다.</p>,,심사대기,,0,0,생산2팀
240079,2026-01-27,202601270016,최동훈,[생산2팀] 1라인 컨베이어 속도 개선,<p>1라인 컨베이어 속도 개선에 대한 상세 제안 내용입니다. 현장 개선을 위해 필요합니다.</p>,,채택,골드,20,90,생산2팀
240055,2025-12-09,202512090017,김철수,[공무팀] 식당 메뉴 개선 제안,<p>식당 메뉴 개선 제안에 대한 상세 제안 내용입니다. 현장 개선을 위해 필요합니다.</p>,,접수,,0,0,공무팀
240068,2026-01-21,202601210018,최동훈,[생산1팀] 출하 대기 구역 라인 마킹,<p>출하 대기 구역 라인 마킹에 대한 상세 제안 내용입니다. 현장 개선을 위해 필요합니다.</p>,,접수,,0,0,생산1팀
240076,2026-01-15,202601150019,김철수,[품질관리팀] 출하 대기 구역 라인 마킹,<p>출하 대기 구역 라인 마킹에 대한 상세 제안 내용입니다. 현장 개선을 위해 필요합니다.</p>,,채택,실버,10,79,품질관리팀
240068,2026-01-23,202601230020,최동훈,[생산2팀] 냉각수 펌프 소음 저감 대책,<p>냉각수 펌프 소음 저감 대책에 대한 상세 제안 내용입니다. 현장 개선을 위해 필요합니다.</p>,,미채택,,0,0,생산2팀
240070,2025-12-21,202512210021,최동훈,[생산2팀] 작업복 세탁 주기 변경 요청,<p>작업복 세탁 주기 변경 요청에 대한 상세 제안 내용입니다. 현장 개선을 위해 필요합니다.</p>,,채택,브론즈,5,60,생산2팀
240067,2025-12-22,202512220022,이영희,[연구소] 지게차 충전 구역 안전 펜스 설치,<p>지게차 충전 구역 안전 펜스 설치에 대한 상세 제안 내용입니다. 현장 개선을 위해 필요합니다.</p>,,미채택,,0,0,연구소
240079,2026-01-02,202601020023,이영희,[생산2팀] 폐기물 분리수거함 추가 설치,<p>폐기물 분리수거함 추가 설치에 대한 상세 제안 내용입니다. 현장 개선을 위해 필요합니다.</p>,,심사대기,,0,0,생산2팀
240095,2025-12-28,202512280024,박민수,[생산2팀] 휴게실 에어컨 필터 교체 건,<p>휴게실 에어컨 필터 교체 건에 대한 상세 제안 내용입니다. 현장 개선을 위해 필요합니다.</p>,,심사대기,,0,0,생산2팀
240050,2026-01-21,202601210025,박민수,[품질관리팀] 출하 대기 구역 라인 마킹,<p>출하 대기 구역 라인 마킹에 대한 상세 제안 내용입니다. 현장 개선을 위해 필요합니다.</p>,,미채택,,0,0,품질관리팀
240059,2025-12-22,202512220026,박민수,[연구소] 현장 조명 LED 교체 제안,<p>현장 조명 LED 교체 제안에 대한 상세 제안 내용입니다. 현장 개선을 위해 필요합니다.</p>,,미채택,,0,0,연구소
240069,2026-01-29,202601290027,정지원,[생산2팀] 폐기물 분리수거함 추가 설치,<p>폐기물 분리수거함 추가 설치에 대한 상세 제안 내용입니다. 현장 개선을 위해 필요합니다.</p>,,미채택,,0,0,생산2팀
240065,2025-12-26,202512260028,김철수,[품질관리팀] 휴게실 에어컨 필터 교체 건,<p>휴게실 에어컨 필터 교체 건에 대한 상세 제안 내용입니다. 현장 개선을 위해 필요합니다.</p>,,미채택,,0,0,품질관리팀
240065,2026-01-15,202601150029,정지원,[공무팀] 1라인 컨베이어 속도 개선,<p>1라인 컨베이어 속도 개선에 대한 상세 제안 내용입니다. 현장 개선을 위해 필요합니다.</p>,,접수,,0,0,공무팀
